id,label,heuristicLabel,keywords,description,enrichedBy,cohesion,symbolCount
"comm_827","Gateway","Gateway",[],"","heuristic",0.9273927392739274,129
"comm_283","Gateway","Gateway",[],"","heuristic",0.5203426124197003,125
"comm_22","Hermes_cli","Hermes_cli",[],"","heuristic",0.8097928436911488,100
"comm_789","Scripts","Scripts",[],"","heuristic",0.7306889352818372,84
"comm_197","Hermes_cli","Hermes_cli",[],"","heuristic",0.6325411334552102,81
"comm_30","Agent","Agent",[],"","heuristic",0.8324607329842932,72
"comm_100","Cron","Cron",[],"","heuristic",0.7203389830508474,71
"comm_39","Tests","Tests",[],"","heuristic",0.6372549019607843,69
"comm_89","Tools","Tools",[],"","heuristic",0.8842105263157894,58
"comm_706","Agent","Agent",[],"","heuristic",0.9595959595959596,57
"comm_104","Agent","Agent",[],"","heuristic",0.8695652173913043,50
"comm_270","Tools","Tools",[],"","heuristic",0.9051724137931034,47
"comm_497","Gateway","Gateway",[],"","heuristic",0.9507042253521126,47
"comm_656","Gateway","Gateway",[],"","heuristic",0.6397058823529411,44
"comm_125","Hermes_cli","Hermes_cli",[],"","heuristic",0.5602409638554217,40
"comm_72","Run_agent","Run_agent",[],"","heuristic",0.7956989247311828,39
"comm_672","Platforms","Platforms",[],"","heuristic",0.6229508196721312,39
"comm_868","Integration","Integration",[],"","heuristic",0.8480565371024735,33
"comm_493","Hermes_cli","Hermes_cli",[],"","heuristic",0.9142857142857143,32
"comm_568","Agent","Agent",[],"","heuristic",0.7570093457943925,32
"comm_609","Gateway","Gateway",[],"","heuristic",0.6346153846153846,31
"comm_878","Honcho","Honcho",[],"","heuristic",0.7437185929648241,31
"comm_386","Tools","Tools",[],"","heuristic",0.7857142857142857,30
"comm_316","Tools","Tools",[],"","heuristic",0.9487179487179487,28
"comm_77","Run_agent","Run_agent",[],"","heuristic",0.7542857142857143,27
"comm_225","Acp","Acp",[],"","heuristic",0.7747747747747747,27
"comm_236","Tools","Tools",[],"","heuristic",0.7121212121212122,27
"comm_457","Hermes_cli","Hermes_cli",[],"","heuristic",0.959349593495935,27
"comm_836","Plugins","Plugins",[],"","heuristic",0.8951048951048951,27
"comm_47","Gateway","Gateway",[],"","heuristic",0.44541484716157204,26
"comm_402","Tools","Tools",[],"","heuristic",0.4342105263157895,24
"comm_529","Hermes_cli","Hermes_cli",[],"","heuristic",0.7411764705882353,24
"comm_663","Run_agent","Run_agent",[],"","heuristic",0.7857142857142857,24
"comm_882","Honcho_plugin","Honcho_plugin",[],"","heuristic",0.9166666666666666,24
"comm_958","Gateway","Gateway",[],"","heuristic",0.9142857142857143,24
"comm_69","Run_agent","Run_agent",[],"","heuristic",0.8125,23
"comm_240","Tools","Tools",[],"","heuristic",0.928,23
"comm_526","Hermes_cli","Hermes_cli",[],"","heuristic",0.6666666666666666,23
"comm_1077","Cli","Cli",[],"","heuristic",0.8888888888888888,23
"comm_29","Run_agent","Run_agent",[],"","heuristic",0.48175182481751827,22
"comm_101","Gateway","Gateway",[],"","heuristic",0.5742574257425742,22
"comm_68","Run_agent","Run_agent",[],"","heuristic",0.7446808510638298,21
"comm_310","Tools","Tools",[],"","heuristic",0.8429752066115702,21
"comm_598","Gateway","Gateway",[],"","heuristic",0.3333333333333333,21
"comm_27","Agent","Agent",[],"","heuristic",0.3221476510067114,20
"comm_262","Tools","Tools",[],"","heuristic",0.8041237113402062,20
"comm_680","Agent","Agent",[],"","heuristic",0.9090909090909091,20
"comm_793","Scripts","Scripts",[],"","heuristic",0.9622641509433962,20
"comm_1004","Gateway","Gateway",[],"","heuristic",0.8740740740740741,20
"comm_1027","Gateway","Gateway",[],"","heuristic",0.6,20
"comm_1139","Platforms","Platforms",[],"","heuristic",0.9278350515463918,20
"comm_34","Run_agent","Run_agent",[],"","heuristic",0.82,19
"comm_285","Agent","Agent",[],"","heuristic",0.1606425702811245,19
"comm_436","Tests","Tests",[],"","heuristic",0.958904109589041,19
"comm_806","Run_agent","Run_agent",[],"","heuristic",0.9014084507042254,19
"comm_95","Tests","Tests",[],"","heuristic",0.759493670886076,18
"comm_183","Tools","Tools",[],"","heuristic",0.5470085470085471,18
"comm_255","Tools","Tools",[],"","heuristic",0.76,18
"comm_363","Tools","Tools",[],"","heuristic",0.6966292134831461,18
"comm_422","Gateway","Gateway",[],"","heuristic",0.7878787878787878,18
"comm_480","Hermes_cli","Hermes_cli",[],"","heuristic",0.8,18
"comm_550","Hermes_cli","Hermes_cli",[],"","heuristic",0.9142857142857143,18
"comm_646","Gateway","Gateway",[],"","heuristic",0.9072164948453608,18
"comm_1001","Gateway","Gateway",[],"","heuristic",0.7619047619047619,18
"comm_1016","Gateway","Gateway",[],"","heuristic",0.8791208791208791,18
"comm_1198","Holographic","Holographic",[],"","heuristic",0.8867924528301887,18
"comm_229","Tools","Tools",[],"","heuristic",0.5894736842105263,17
"comm_419","Tools","Tools",[],"","heuristic",0.6829268292682927,17
"comm_586","Gateway","Gateway",[],"","heuristic",0.8818897637795275,17
"comm_619","Gateway","Gateway",[],"","heuristic",0.6956521739130435,17
"comm_1052","Gateway","Gateway",[],"","heuristic",0.672,17
"comm_49","Run_agent","Run_agent",[],"","heuristic",0.7575757575757576,16
"comm_103","Tools","Tools",[],"","heuristic",0.36220472440944884,16
"comm_105","Tests","Tests",[],"","heuristic",0.37777777777777777,16
"comm_153","Hermes_cli","Hermes_cli",[],"","heuristic",0.5384615384615384,16
"comm_265","Tools","Tools",[],"","heuristic",0.8604651162790697,16
"comm_271","Tools","Tools",[],"","heuristic",0.7586206896551724,16
"comm_617","Gateway","Gateway",[],"","heuristic",0.7536231884057971,16
"comm_629","Gateway","Gateway",[],"","heuristic",0.37142857142857144,16
"comm_632","Gateway","Gateway",[],"","heuristic",0.9285714285714286,16
"comm_776","Tools","Tools",[],"","heuristic",1,16
"comm_784","Tools","Tools",[],"","heuristic",0.8333333333333334,16
"comm_922","Gateway","Gateway",[],"","heuristic",0.5567010309278351,16
"comm_978","Gateway","Gateway",[],"","heuristic",0.9180327868852459,16
"comm_1232","Scripts","Scripts",[],"","heuristic",0.8674698795180723,16
"comm_149","Cli","Cli",[],"","heuristic",0.384,15
"comm_280","Tools","Tools",[],"","heuristic",0.8615384615384616,15
"comm_520","Hermes_cli","Hermes_cli",[],"","heuristic",0.6052631578947368,15
"comm_545","Hermes_cli","Hermes_cli",[],"","heuristic",0.8615384615384616,15
"comm_576","Hermes_cli","Hermes_cli",[],"","heuristic",0.5321100917431193,15
"comm_603","Gateway","Gateway",[],"","heuristic",0.6933333333333334,15
"comm_634","Gateway","Gateway",[],"","heuristic",0.7714285714285715,15
"comm_716","Agent","Agent",[],"","heuristic",0.6904761904761905,15
"comm_883","Honcho_plugin","Honcho_plugin",[],"","heuristic",0.7142857142857143,15
"comm_938","Gateway","Gateway",[],"","heuristic",0.7526881720430108,15
"comm_953","Gateway","Gateway",[],"","heuristic",1,15
"comm_955","Gateway","Gateway",[],"","heuristic",0.9705882352941176,15
"comm_985","Gateway","Gateway",[],"","heuristic",0.5833333333333334,15
"comm_32","Agent","Agent",[],"","heuristic",0.5194805194805194,14
"comm_96","Tests","Tests",[],"","heuristic",0.6329113924050633,14
"comm_160","Tools","Tools",[],"","heuristic",0.6133333333333333,14
"comm_241","Tools","Tools",[],"","heuristic",0.6756756756756757,14
"comm_259","Tools","Tools",[],"","heuristic",0.7222222222222222,14
"comm_379","Tools","Tools",[],"","heuristic",0.6666666666666666,14
"comm_460","Hermes_cli","Hermes_cli",[],"","heuristic",0.5585585585585585,14
"comm_631","Gateway","Gateway",[],"","heuristic",0.6470588235294118,14
"comm_639","Gateway","Gateway",[],"","heuristic",0.7868852459016393,14
"comm_724","Agent","Agent",[],"","heuristic",0.7096774193548387,14
"comm_1053","Gateway","Gateway",[],"","heuristic",0.819672131147541,14
"comm_55","Run_agent","Run_agent",[],"","heuristic",0.6153846153846154,13
"comm_194","Tools","Tools",[],"","heuristic",0.5833333333333334,13
"comm_196","Tools","Tools",[],"","heuristic",0.7142857142857143,13
"comm_223","Tools","Tools",[],"","heuristic",0.8928571428571429,13
"comm_278","Tools","Tools",[],"","heuristic",0.9285714285714286,13
"comm_303","Tools","Tools",[],"","heuristic",0.6666666666666666,13
"comm_423","Gateway","Gateway",[],"","heuristic",0.5652173913043478,13
"comm_475","Hermes_cli","Hermes_cli",[],"","heuristic",0.5128205128205128,13
"comm_535","Hermes_cli","Hermes_cli",[],"","heuristic",0.49230769230769234,13
"comm_580","Hermes_cli","Hermes_cli",[],"","heuristic",0.6779661016949152,13
"comm_624","Platforms","Platforms",[],"","heuristic",0.5106382978723404,13
"comm_637","Gateway","Gateway",[],"","heuristic",0.5918367346938775,13
"comm_740","Tools","Tools",[],"","heuristic",0.8627450980392157,13
"comm_767","Tools","Tools",[],"","heuristic",0.8524590163934426,13
"comm_796","Scripts","Scripts",[],"","heuristic",0.8936170212765957,13
"comm_861","Tools","Tools",[],"","heuristic",0.9583333333333334,13
"comm_875","Honcho_plugin","Honcho_plugin",[],"","heuristic",0.8,13
"comm_902","Gateway","Gateway",[],"","heuristic",0.8813559322033898,13
"comm_928","Gateway","Gateway",[],"","heuristic",0.5714285714285714,13
"comm_957","Gateway","Gateway",[],"","heuristic",0.8333333333333334,13
"comm_1013","Platforms","Platforms",[],"","heuristic",0.6530612244897959,13
"comm_1036","Gateway","Gateway",[],"","heuristic",0.6896551724137931,13
"comm_1048","Gateway","Gateway",[],"","heuristic",0.75,13
"comm_1126","Platforms","Platforms",[],"","heuristic",0.6666666666666666,13
"comm_1174","Memory","Memory",[],"","heuristic",0.7692307692307693,13
"comm_5","Tests","Tests",[],"","heuristic",0.6666666666666666,12
"comm_21","Tests","Tests",[],"","heuristic",0.37037037037037035,12
"comm_24","Gateway","Gateway",[],"","heuristic",0.1278538812785388,12
"comm_107","Tests","Tests",[],"","heuristic",0.29333333333333333,12
"comm_147","Cli","Cli",[],"","heuristic",0.851063829787234,12
"comm_193","Tools","Tools",[],"","heuristic",0.5423728813559322,12
"comm_207","Gateway","Gateway",[],"","heuristic",0.5846153846153846,12
"comm_232","Tools","Tools",[],"","heuristic",0.8636363636363636,12
"comm_238","Tools","Tools",[],"","heuristic",0.5,12
"comm_289","Openviking","Openviking",[],"","heuristic",0.37383177570093457,12
"comm_394","Tools","Tools",[],"","heuristic",0.5625,12
"comm_499","Hermes_cli","Hermes_cli",[],"","heuristic",0.5070422535211268,12
"comm_524","Hermes_cli","Hermes_cli",[],"","heuristic",0.6857142857142857,12
"comm_566","Hermes_cli","Hermes_cli",[],"","heuristic",0.6571428571428571,12
"comm_614","Gateway","Gateway",[],"","heuristic",0.6551724137931034,12
"comm_731","Agent","Agent",[],"","heuristic",0.6666666666666666,12
"comm_838","Plugins","Plugins",[],"","heuristic",0.7142857142857143,12
"comm_946","Gateway","Gateway",[],"","heuristic",0.7307692307692307,12
"comm_1051","Gateway","Gateway",[],"","heuristic",0.6909090909090909,12
"comm_54","Run_agent","Run_agent",[],"","heuristic",0.7,11
"comm_66","Run_agent","Run_agent",[],"","heuristic",0.8333333333333334,11
"comm_85","Run_agent","Run_agent",[],"","heuristic",0.9,11
"comm_181","Tools","Tools",[],"","heuristic",0.6511627906976745,11
"comm_247","Tools","Tools",[],"","heuristic",0.6808510638297872,11
"comm_336","Tools","Tools",[],"","heuristic",0.625,11
"comm_388","Tools","Tools",[],"","heuristic",0.625,11
"comm_444","Orchestrator","Orchestrator",[],"","heuristic",0.625,11
"comm_601","Gateway","Gateway",[],"","heuristic",0.3389830508474576,11
"comm_660","Gateway","Gateway",[],"","heuristic",0.8780487804878049,11
"comm_727","Run_agent","Run_agent",[],"","heuristic",0.9411764705882353,11
"comm_867","Integration","Integration",[],"","heuristic",0.7407407407407407,11
"comm_885","Hermes_cli","Hermes_cli",[],"","heuristic",1,11
"comm_888","Hermes_cli","Hermes_cli",[],"","heuristic",0.8372093023255814,11
"comm_944","Gateway","Gateway",[],"","heuristic",0.5915492957746479,11
"comm_976","Gateway","Gateway",[],"","heuristic",0.723404255319149,11
"comm_987","Gateway","Gateway",[],"","heuristic",0.5405405405405406,11
"comm_992","Gateway","Gateway",[],"","heuristic",0.7555555555555555,11
"comm_1020","Gateway","Gateway",[],"","heuristic",0.6349206349206349,11
"comm_1024","Platforms","Platforms",[],"","heuristic",0.6190476190476191,11
"comm_1032","Platforms","Platforms",[],"","heuristic",0.7567567567567568,11
"comm_1044","Gateway","Gateway",[],"","heuristic",1,11
"comm_43","Cli","Cli",[],"","heuristic",0.22608695652173913,10
"comm_46","Cli","Cli",[],"","heuristic",0.6530612244897959,10
"comm_108","Cli","Cli",[],"","heuristic",0.43137254901960786,10
"comm_133","Hermes_cli","Hermes_cli",[],"","heuristic",0.7804878048780488,10
"comm_146","Tools","Tools",[],"","heuristic",0.9,10
"comm_204","Scripts","Scripts",[],"","heuristic",0.7692307692307693,10
"comm_205","Tools","Tools",[],"","heuristic",0.8372093023255814,10
"comm_276","Tools","Tools",[],"","heuristic",0.9411764705882353,10
"comm_290","Tools","Tools",[],"","heuristic",0.52,10
"comm_398","Gateway","Gateway",[],"","heuristic",0.6153846153846154,10
"comm_461","Hermes_cli","Hermes_cli",[],"","heuristic",0.4642857142857143,10
"comm_582","Hermes_cli","Hermes_cli",[],"","heuristic",0.6666666666666666,10
"comm_626","Gateway","Gateway",[],"","heuristic",0.8648648648648649,10
"comm_628","Cli","Cli",[],"","heuristic",0.7441860465116279,10
"comm_693","Agent","Agent",[],"","heuristic",0.5714285714285714,10
"comm_770","Tools","Tools",[],"","heuristic",0.8,10
"comm_939","Gateway","Gateway",[],"","heuristic",0.7755102040816326,10
"comm_1054","Gateway","Gateway",[],"","heuristic",1,10
"comm_1061","Gateway","Gateway",[],"","heuristic",0.6382978723404256,10
"comm_1083","Cli","Cli",[],"","heuristic",0.6206896551724138,10
"comm_1192","Honcho","Honcho",[],"","heuristic",0.4788732394366197,10
"comm_1218","Scripts","Scripts",[],"","heuristic",0.5526315789473685,10
"comm_52","Run_agent","Run_agent",[],"","heuristic",0.7777777777777778,9
"comm_56","Run_agent","Run_agent",[],"","heuristic",0.6486486486486487,9
"comm_63","Run_agent","Run_agent",[],"","heuristic",0.5263157894736842,9
"comm_65","Run_agent","Run_agent",[],"","heuristic",0.7878787878787878,9
"comm_74","Run_agent","Run_agent",[],"","heuristic",0.37209302325581395,9
"comm_83","Tests","Tests",[],"","heuristic",0.875,9
"comm_90","Environments","Environments",[],"","heuristic",0.5909090909090909,9
"comm_109","Tests","Tests",[],"","heuristic",0.47058823529411764,9
"comm_117","Hermes_cli","Hermes_cli",[],"","heuristic",0.16176470588235295,9
"comm_134","Cli","Cli",[],"","heuristic",0.9230769230769231,9
"comm_139","Cli","Cli",[],"","heuristic",0.6666666666666666,9
"comm_212","Tools","Tools",[],"","heuristic",0.8484848484848485,9
"comm_214","Tools","Tools",[],"","heuristic",0.5909090909090909,9
"comm_277","Gateway","Gateway",[],"","heuristic",0.7333333333333333,9
"comm_292","Tools","Tools",[],"","heuristic",0.7272727272727273,9
"comm_295","Gateway","Gateway",[],"","heuristic",0.6956521739130435,9
"comm_311","Tools","Tools",[],"","heuristic",0.6666666666666666,9
"comm_392","Tools","Tools",[],"","heuristic",0.8148148148148148,9
"comm_405","Tools","Tools",[],"","heuristic",0.6818181818181818,9
"comm_434","Tests","Tests",[],"","heuristic",0.8125,9
"comm_441","Scripts","Scripts",[],"","heuristic",0.9523809523809523,9
"comm_478","Hermes_cli","Hermes_cli",[],"","heuristic",0.6222222222222222,9
"comm_492","Hermes_cli","Hermes_cli",[],"","heuristic",0.7777777777777778,9
"comm_547","Hermes_cli","Hermes_cli",[],"","heuristic",0.6875,9
"comm_604","Gateway","Gateway",[],"","heuristic",0.4067796610169492,9
"comm_606","Gateway","Gateway",[],"","heuristic",0.42105263157894735,9
"comm_647","Gateway","Gateway",[],"","heuristic",0.7857142857142857,9
"comm_674","Cron","Cron",[],"","heuristic",0.717948717948718,9
"comm_687","Agent","Agent",[],"","heuristic",0.45161290322580644,9
"comm_692","Agent","Agent",[],"","heuristic",0.7272727272727273,9
"comm_697","Agent","Agent",[],"","heuristic",0.49056603773584906,9
"comm_699","Agent","Agent",[],"","heuristic",0.8125,9
"comm_703","Gateway","Gateway",[],"","heuristic",0.65,9
"comm_730","Agent","Agent",[],"","heuristic",0.5,9
"comm_768","Environments","Environments",[],"","heuristic",0.8125,9
"comm_828","Plugins","Plugins",[],"","heuristic",0.7096774193548387,9
"comm_830","Retaindb","Retaindb",[],"","heuristic",0.5333333333333333,9
"comm_910","Gateway","Gateway",[],"","heuristic",0.4,9
"comm_921","Gateway","Gateway",[],"","heuristic",0.7027027027027027,9
"comm_948","Gateway","Gateway",[],"","heuristic",0.6842105263157895,9
"comm_968","Gateway","Gateway",[],"","heuristic",0.47058823529411764,9
"comm_969","Gateway","Gateway",[],"","heuristic",0.9333333333333333,9
"comm_982","Gateway","Gateway",[],"","heuristic",0.5384615384615384,9
"comm_998","Gateway","Gateway",[],"","heuristic",0.8571428571428571,9
"comm_1017","Gateway","Gateway",[],"","heuristic",0.5517241379310345,9
"comm_1028","Gateway","Gateway",[],"","heuristic",0.7428571428571429,9
"comm_1080","Cli","Cli",[],"","heuristic",0.8,9
"comm_1101","Agent","Agent",[],"","heuristic",0.717948717948718,9
"comm_1227","Scripts","Scripts",[],"","heuristic",0.7333333333333333,9
"comm_4","Scripts","Scripts",[],"","heuristic",0.782608695652174,8
"comm_14","Tools","Tools",[],"","heuristic",0.5517241379310345,8
"comm_36","Run_agent","Run_agent",[],"","heuristic",0.6086956521739131,8
"comm_44","Tools","Tools",[],"","heuristic",0.5714285714285714,8
"comm_50","Run_agent","Run_agent",[],"","heuristic",0.96,8
"comm_51","Run_agent","Run_agent",[],"","heuristic",0.6363636363636364,8
"comm_58","Run_agent","Run_agent",[],"","heuristic",0.425531914893617,8
"comm_62","Cluster_62","Cluster_62",[],"","heuristic",0.55,8
"comm_111","Tests","Tests",[],"","heuristic",0.45161290322580644,8
"comm_114","Acp_adapter","Acp_adapter",[],"","heuristic",0.4878048780487805,8
"comm_126","Tests","Tests",[],"","heuristic",0.39215686274509803,8
"comm_138","Tests","Tests",[],"","heuristic",0.6451612903225806,8
"comm_150","Cli","Cli",[],"","heuristic",0.6086956521739131,8
"comm_156","Cli","Cli",[],"","heuristic",0.8888888888888888,8
"comm_161","Tools","Tools",[],"","heuristic",0.5833333333333334,8
"comm_163","Tools","Tools",[],"","heuristic",0.5384615384615384,8
"comm_202","Tools","Tools",[],"","heuristic",0.7111111111111111,8
"comm_226","Tools","Tools",[],"","heuristic",0.44,8
"comm_253","Tools","Tools",[],"","heuristic",0.7333333333333333,8
"comm_275","Tools","Tools",[],"","heuristic",0.42105263157894735,8
"comm_281","Tools","Tools",[],"","heuristic",0.9090909090909091,8
"comm_286","Tools","Tools",[],"","heuristic",0.5,8
"comm_381","Tools","Tools",[],"","heuristic",0.6666666666666666,8
"comm_396","Environments","Environments",[],"","heuristic",0.6153846153846154,8
"comm_414","Tools","Tools",[],"","heuristic",0.46808510638297873,8
"comm_416","Tools","Tools",[],"","heuristic",0.8461538461538461,8
"comm_417","Tools","Tools",[],"","heuristic",0.875,8
"comm_454","Orchestrator","Orchestrator",[],"","heuristic",0.7058823529411765,8
"comm_459","Hermes_cli","Hermes_cli",[],"","heuristic",0.7142857142857143,8
"comm_462","Hermes_cli","Hermes_cli",[],"","heuristic",0.48148148148148145,8
"comm_484","Hermes_cli","Hermes_cli",[],"","heuristic",0.38461538461538464,8
"comm_508","Hermes_cli","Hermes_cli",[],"","heuristic",0.6060606060606061,8
"comm_589","Gateway","Gateway",[],"","heuristic",0.88,8
"comm_615","Gateway","Gateway",[],"","heuristic",0.3783783783783784,8
"comm_621","Gateway","Gateway",[],"","heuristic",0.6842105263157895,8
"comm_636","Gateway","Gateway",[],"","heuristic",0.8108108108108109,8
"comm_638","Gateway","Gateway",[],"","heuristic",0.5384615384615384,8
"comm_661","Environments","Environments",[],"","heuristic",1,8
"comm_671","Run_agent","Run_agent",[],"","heuristic",0.8275862068965517,8
"comm_677","Agent","Agent",[],"","heuristic",0.8,8
"comm_688","Agent","Agent",[],"","heuristic",0.4117647058823529,8
"comm_701","Agent","Agent",[],"","heuristic",0.7272727272727273,8
"comm_726","Agent","Agent",[],"","heuristic",0.6363636363636364,8
"comm_745","Agent","Agent",[],"","heuristic",0.8275862068965517,8
"comm_773","Tools","Tools",[],"","heuristic",0.88,8
"comm_816","Run_agent","Run_agent",[],"","heuristic",0.9629629629629629,8
"comm_847","Tools","Tools",[],"","heuristic",0.5384615384615384,8
"comm_900","Gateway","Gateway",[],"","heuristic",0.4,8
"comm_966","Gateway","Gateway",[],"","heuristic",0.5217391304347826,8
"comm_971","Gateway","Gateway",[],"","heuristic",0.5405405405405406,8
"comm_1008","Gateway","Gateway",[],"","heuristic",0.5405405405405406,8
"comm_1055","Gateway","Gateway",[],"","heuristic",0.5555555555555556,8
"comm_1108","Openviking","Openviking",[],"","heuristic",0.6363636363636364,8
"comm_1121","Platforms","Platforms",[],"","heuristic",0.5531914893617021,8
"comm_1130","Platforms","Platforms",[],"","heuristic",0.7857142857142857,8
"comm_1145","Platforms","Platforms",[],"","heuristic",0.5555555555555556,8
"comm_1181","Benchmarks","Benchmarks",[],"","heuristic",0.7857142857142857,8
"comm_33","Run_agent","Run_agent",[],"","heuristic",0.375,7
"comm_59","Run_agent","Run_agent",[],"","heuristic",0.4444444444444444,7
"comm_64","Hermes_cli","Hermes_cli",[],"","heuristic",0.5625,7
"comm_82","Tests","Tests",[],"","heuristic",0.8,7
"comm_119","Tools","Tools",[],"","heuristic",0.48,7
"comm_128","Hermes_cli","Hermes_cli",[],"","heuristic",0.5,7
"comm_136","Cli","Cli",[],"","heuristic",0.8181818181818182,7
"comm_141","Cli","Cli",[],"","heuristic",0.5217391304347826,7
"comm_151","Agent","Agent",[],"","heuristic",0.5714285714285714,7
"comm_159","Hermes_cli","Hermes_cli",[],"","heuristic",0.358974358974359,7
"comm_164","Tools","Tools",[],"","heuristic",0.5454545454545454,7
"comm_175","Tools","Tools",[],"","heuristic",0.5,7
"comm_180","Tools","Tools",[],"","heuristic",0.6666666666666666,7
"comm_195","Gateway","Gateway",[],"","heuristic",0.6,7
"comm_211","Tools","Tools",[],"","heuristic",0.75,7
"comm_213","Tools","Tools",[],"","heuristic",0.5,7
"comm_220","Tools","Tools",[],"","heuristic",0.7142857142857143,7
"comm_237","Tools","Tools",[],"","heuristic",0.43243243243243246,7
"comm_242","Tools","Tools",[],"","heuristic",0.42857142857142855,7
"comm_243","Tools","Tools",[],"","heuristic",0.56,7
"comm_245","Tools","Tools",[],"","heuristic",0.5161290322580645,7
"comm_250","Tools","Tools",[],"","heuristic",0.8333333333333334,7
"comm_267","Tools","Tools",[],"","heuristic",0.48,7
"comm_302","Tools","Tools",[],"","heuristic",0.7333333333333333,7
"comm_328","Tools","Tools",[],"","heuristic",0.8148148148148148,7
"comm_353","Tools","Tools",[],"","heuristic",0.64,7
"comm_354","Scripts","Scripts",[],"","heuristic",0.7058823529411765,7
"comm_356","Integration","Integration",[],"","heuristic",0.5806451612903226,7
"comm_374","Tools","Tools",[],"","heuristic",0.7142857142857143,7
"comm_376","Tools","Tools",[],"","heuristic",0.6923076923076923,7
"comm_382","Tools","Tools",[],"","heuristic",0.5714285714285714,7
"comm_383","Agent","Agent",[],"","heuristic",0.6451612903225806,7
"comm_390","Tools","Tools",[],"","heuristic",0.5,7
"comm_401","Tools","Tools",[],"","heuristic",0.6896551724137931,7
"comm_407","Tools","Tools",[],"","heuristic",0.42105263157894735,7
"comm_412","Tools","Tools",[],"","heuristic",0.36363636363636365,7
"comm_420","Tools","Tools",[],"","heuristic",0.7407407407407407,7
"comm_426","Tools","Tools",[],"","heuristic",0.5925925925925926,7
"comm_440","Scripts","Scripts",[],"","heuristic",0.7619047619047619,7
"comm_464","Hermes_cli","Hermes_cli",[],"","heuristic",0.5,7
"comm_472","Hermes_cli","Hermes_cli",[],"","heuristic",0.5714285714285714,7
"comm_482","Hermes_cli","Hermes_cli",[],"","heuristic",0.5333333333333333,7
"comm_483","Hermes_cli","Hermes_cli",[],"","heuristic",0.4444444444444444,7
"comm_489","Hermes_cli","Hermes_cli",[],"","heuristic",0.6470588235294118,7
"comm_498","Hermes_cli","Hermes_cli",[],"","heuristic",0.5882352941176471,7
"comm_512","Memory","Memory",[],"","heuristic",0.6666666666666666,7
"comm_515","Hermes_cli","Hermes_cli",[],"","heuristic",0.5714285714285714,7
"comm_523","Hermes_cli","Hermes_cli",[],"","heuristic",0.8571428571428571,7
"comm_536","Hermes_cli","Hermes_cli",[],"","heuristic",0.6206896551724138,7
"comm_542","Hermes_cli","Hermes_cli",[],"","heuristic",0.56,7
"comm_549","Gateway","Gateway",[],"","heuristic",0.5217391304347826,7
"comm_562","Agent","Agent",[],"","heuristic",0.6956521739130435,7
"comm_572","Hermes_cli","Hermes_cli",[],"","heuristic",0.35294117647058826,7
"comm_579","Hermes_cli","Hermes_cli",[],"","heuristic",0.4666666666666667,7
"comm_583","Hermes_cli","Hermes_cli",[],"","heuristic",0.4375,7
"comm_596","Gateway","Gateway",[],"","heuristic",0.43243243243243246,7
"comm_613","Gateway","Gateway",[],"","heuristic",0.5714285714285714,7
"comm_678","Agent","Agent",[],"","heuristic",0.4827586206896552,7
"comm_685","Agent","Agent",[],"","heuristic",0.5142857142857142,7
"comm_690","Agent","Agent",[],"","heuristic",0.6956521739130435,7
"comm_698","Agent","Agent",[],"","heuristic",0.6956521739130435,7
"comm_702","Agent","Agent",[],"","heuristic",0.7096774193548387,7
"comm_708","Agent","Agent",[],"","heuristic",0.8,7
"comm_750","Acp","Acp",[],"","heuristic",0.37037037037037035,7
"comm_769","Environments","Environments",[],"","heuristic",0.6285714285714286,7
"comm_772","Tools","Tools",[],"","heuristic",0.5714285714285714,7
"comm_778","Tools","Tools",[],"","heuristic",0.7142857142857143,7
"comm_786","Skills","Skills",[],"","heuristic",0.46153846153846156,7
"comm_788","Scripts","Scripts",[],"","heuristic",0.5652173913043478,7
"comm_801","Run_agent","Run_agent",[],"","heuristic",0.5,7
"comm_823","Run_agent","Run_agent",[],"","heuristic",0.8695652173913043,7
"comm_824","Run_agent","Run_agent",[],"","heuristic",0.6666666666666666,7
"comm_831","Retaindb","Retaindb",[],"","heuristic",0.42857142857142855,7
"comm_839","Plugins","Plugins",[],"","heuristic",0.8695652173913043,7
"comm_843","Tools","Tools",[],"","heuristic",0.8888888888888888,7
"comm_850","Tools","Tools",[],"","heuristic",0.46153846153846156,7
"comm_871","Gateway","Gateway",[],"","heuristic",0.6428571428571429,7
"comm_876","Honcho_plugin","Honcho_plugin",[],"","heuristic",0.6,7
"comm_881","Honcho","Honcho",[],"","heuristic",0.6,7
"comm_884","Honcho_plugin","Honcho_plugin",[],"","heuristic",0.6896551724137931,7
"comm_912","Platforms","Platforms",[],"","heuristic",0.46153846153846156,7
"comm_917","Platforms","Platforms",[],"","heuristic",0.5833333333333334,7
"comm_925","Gateway","Gateway",[],"","heuristic",0.6,7
"comm_942","Gateway","Gateway",[],"","heuristic",0.6153846153846154,7
"comm_943","Gateway","Gateway",[],"","heuristic",0.6470588235294118,7
"comm_954","Gateway","Gateway",[],"","heuristic",0.8333333333333334,7
"comm_963","Gateway","Gateway",[],"","heuristic",0.7142857142857143,7
"comm_964","Gateway","Gateway",[],"","heuristic",0.631578947368421,7
"comm_1035","Gateway","Gateway",[],"","heuristic",0.5882352941176471,7
"comm_1040","Gateway","Gateway",[],"","heuristic",0.6,7
"comm_1050","Gateway","Gateway",[],"","heuristic",0.46153846153846156,7
"comm_1056","Gateway","Gateway",[],"","heuristic",0.5217391304347826,7
"comm_1071","Cron","Cron",[],"","heuristic",0.8421052631578947,7
"comm_1097","Agent","Agent",[],"","heuristic",0.3870967741935484,7
"comm_1135","Platforms","Platforms",[],"","heuristic",0.631578947368421,7
"comm_1170","Supermemory","Supermemory",[],"","heuristic",0.8235294117647058,7
"comm_1189","Honcho","Honcho",[],"","heuristic",0.5925925925925926,7
"comm_1208","Scripts","Scripts",[],"","heuristic",0.7272727272727273,7
"comm_1209","Scripts","Scripts",[],"","heuristic",0.6896551724137931,7
"comm_1213","Scripts","Scripts",[],"","heuristic",0.5217391304347826,7
"comm_1220","Scripts","Scripts",[],"","heuristic",0.5128205128205128,7
"comm_1222","Scripts","Scripts",[],"","heuristic",0.5185185185185185,7
"comm_2","Hermes_cli","Hermes_cli",[],"","heuristic",0.47619047619047616,6
"comm_3","Tests","Tests",[],"","heuristic",0.4375,6
"comm_31","Run_agent","Run_agent",[],"","heuristic",0.8421052631578947,6
"comm_45","Agent","Agent",[],"","heuristic",0.6666666666666666,6
"comm_53","Hermes_cli","Hermes_cli",[],"","heuristic",0.35714285714285715,6
"comm_73","Hermes_cli","Hermes_cli",[],"","heuristic",0.5,6
"comm_78","Agent","Agent",[],"","heuristic",0.5263157894736842,6
"comm_84","Tools","Tools",[],"","heuristic",0.3870967741935484,6
"comm_88","Hermes_cli","Hermes_cli",[],"","heuristic",0.3448275862068966,6
"comm_91","Cluster_91","Cluster_91",[],"","heuristic",0.7777777777777778,6
"comm_97","Tests","Tests",[],"","heuristic",0.6666666666666666,6
"comm_121","Cli","Cli",[],"","heuristic",0.75,6
"comm_122","Tools","Tools",[],"","heuristic",0.631578947368421,6
"comm_131","Cli","Cli",[],"","heuristic",0.5833333333333334,6
"comm_132","Agent","Agent",[],"","heuristic",0.4,6
"comm_135","Cli","Cli",[],"","heuristic",0.7777777777777778,6
"comm_152","Hermes_cli","Hermes_cli",[],"","heuristic",0.46153846153846156,6
"comm_154","Gateway","Gateway",[],"","heuristic",0.37037037037037035,6
"comm_157","Agent","Agent",[],"","heuristic",0.6,6
"comm_173","Cli","Cli",[],"","heuristic",0.8235294117647058,6
"comm_179","Tools","Tools",[],"","heuristic",0.7619047619047619,6
"comm_201","Tools","Tools",[],"","heuristic",0.46153846153846156,6
"comm_215","Tools","Tools",[],"","heuristic",0.5333333333333333,6
"comm_227","Tools","Tools",[],"","heuristic",0.5882352941176471,6
"comm_244","Tools","Tools",[],"","heuristic",0.631578947368421,6
"comm_248","Tools","Tools",[],"","heuristic",0.5714285714285714,6
"comm_268","Tools","Tools",[],"","heuristic",0.4166666666666667,6
"comm_284","Tools","Tools",[],"","heuristic",0.625,6
"comm_304","Tools","Tools",[],"","heuristic",0.46153846153846156,6
"comm_309","Scripts","Scripts",[],"","heuristic",0.6666666666666666,6
"comm_317","Tools","Tools",[],"","heuristic",0.8,6
"comm_387","Tools","Tools",[],"","heuristic",0.5555555555555556,6
"comm_395","Tools","Tools",[],"","heuristic",0.5882352941176471,6
"comm_397","Environments","Environments",[],"","heuristic",0.6086956521739131,6
"comm_403","Tools","Tools",[],"","heuristic",0.4827586206896552,6
"comm_404","Tools","Tools",[],"","heuristic",0.7,6
"comm_406","Tools","Tools",[],"","heuristic",0.32432432432432434,6
"comm_413","Tools","Tools",[],"","heuristic",0.375,6
"comm_415","Tools","Tools",[],"","heuristic",0.375,6
"comm_428","Tools","Tools",[],"","heuristic",0.5714285714285714,6
"comm_433","Integration","Integration",[],"","heuristic",0.2,6
"comm_438","Agent","Agent",[],"","heuristic",0.5882352941176471,6
"comm_442","Orchestrator","Orchestrator",[],"","heuristic",0.5263157894736842,6
"comm_443","Orchestrator","Orchestrator",[],"","heuristic",0.5,6
"comm_448","Orchestrator","Orchestrator",[],"","heuristic",0.5517241379310345,6
"comm_451","Orchestrator","Orchestrator",[],"","heuristic",0.6086956521739131,6
"comm_479","Hermes_cli","Hermes_cli",[],"","heuristic",0.29411764705882354,6
"comm_485","Hermes_cli","Hermes_cli",[],"","heuristic",0.37037037037037035,6
"comm_511","Hermes_cli","Hermes_cli",[],"","heuristic",0.43478260869565216,6
"comm_513","Hermes_cli","Hermes_cli",[],"","heuristic",0.5,6
"comm_528","Gateway","Gateway",[],"","heuristic",0.5217391304347826,6
"comm_557","Hermes_cli","Hermes_cli",[],"","heuristic",0.8333333333333334,6
"comm_618","Gateway","Gateway",[],"","heuristic",0.5714285714285714,6
"comm_635","Gateway","Gateway",[],"","heuristic",0.30303030303030304,6
"comm_651","Gateway","Gateway",[],"","heuristic",0.5517241379310345,6
"comm_665","Environments","Environments",[],"","heuristic",0.8,6
"comm_666","Environments","Environments",[],"","heuristic",0.48,6
"comm_700","Agent","Agent",[],"","heuristic",0.5882352941176471,6
"comm_738","Agent","Agent",[],"","heuristic",0.5555555555555556,6
"comm_753","Acp","Acp",[],"","heuristic",0.45454545454545453,6
"comm_754","Acp","Acp",[],"","heuristic",0.37037037037037035,6
"comm_763","Tools","Tools",[],"","heuristic",0.7272727272727273,6
"comm_765","Environments","Environments",[],"","heuristic",0.625,6
"comm_779","Tools","Tools",[],"","heuristic",0.625,6
"comm_783","Browser_providers","Browser_providers",[],"","heuristic",0.7058823529411765,6
"comm_787","Scripts","Scripts",[],"","heuristic",0.4,6
"comm_791","Skills","Skills",[],"","heuristic",0.5263157894736842,6
"comm_795","Skills","Skills",[],"","heuristic",0.8235294117647058,6
"comm_798","Run_agent","Run_agent",[],"","heuristic",0.4,6
"comm_835","Plugins","Plugins",[],"","heuristic",0.6206896551724138,6
"comm_869","Integration","Integration",[],"","heuristic",0.4827586206896552,6
"comm_886","Hermes_cli","Hermes_cli",[],"","heuristic",0.6666666666666666,6
"comm_891","Hermes_cli","Hermes_cli",[],"","heuristic",0.4166666666666667,6
"comm_892","Hermes_cli","Hermes_cli",[],"","heuristic",0.45454545454545453,6
"comm_899","E2e","E2e",[],"","heuristic",0.21621621621621623,6
"comm_903","Gateway","Gateway",[],"","heuristic",0.5925925925925926,6
"comm_929","Gateway","Gateway",[],"","heuristic",0.48,6
"comm_930","Gateway","Gateway",[],"","heuristic",0.5161290322580645,6
"comm_947","Gateway","Gateway",[],"","heuristic",0.5882352941176471,6
"comm_949","Gateway","Gateway",[],"","heuristic",0.5882352941176471,6
"comm_950","Gateway","Gateway",[],"","heuristic",0.6666666666666666,6
"comm_951","Gateway","Gateway",[],"","heuristic",0.6666666666666666,6
"comm_959","Platforms","Platforms",[],"","heuristic",0.5,6
"comm_962","Platforms","Platforms",[],"","heuristic",0.5,6
"comm_970","Gateway","Gateway",[],"","heuristic",0.2127659574468085,6
"comm_973","Gateway","Gateway",[],"","heuristic",0.5555555555555556,6
"comm_983","Gateway","Gateway",[],"","heuristic",0.6285714285714286,6
"comm_1021","Gateway","Gateway",[],"","heuristic",0.5555555555555556,6
"comm_1022","Gateway","Gateway",[],"","heuristic",0.5555555555555556,6
"comm_1033","Platforms","Platforms",[],"","heuristic",0.625,6
"comm_1037","Gateway","Gateway",[],"","heuristic",0.5555555555555556,6
"comm_1049","Gateway","Gateway",[],"","heuristic",0.5882352941176471,6
"comm_1058","Gateway","Gateway",[],"","heuristic",0.3125,6
"comm_1113","Platforms","Platforms",[],"","heuristic",0.5384615384615384,6
"comm_1118","Platforms","Platforms",[],"","heuristic",0.8235294117647058,6
"comm_1160","Platforms","Platforms",[],"","heuristic",0.45454545454545453,6
"comm_1172","Memory","Memory",[],"","heuristic",0.4,6
"comm_1173","Memory","Memory",[],"","heuristic",0.4,6
"comm_1178","Hindsight","Hindsight",[],"","heuristic",0.875,6
"comm_1180","Memory","Memory",[],"","heuristic",0.7368421052631579,6
"comm_1183","Supermemory","Supermemory",[],"","heuristic",0.6666666666666666,6
"comm_1197","Holographic","Holographic",[],"","heuristic",0.5454545454545454,6
"comm_1221","Scripts","Scripts",[],"","heuristic",0.42105263157894735,6
"comm_1228","Scripts","Scripts",[],"","heuristic",0.6153846153846154,6
"comm_1229","Scripts","Scripts",[],"","heuristic",0.6363636363636364,6
"comm_1238","Cluster_1238","Cluster_1238",[],"","heuristic",0.9333333333333333,6
"comm_1","Hermes_cli","Hermes_cli",[],"","heuristic",0.38095238095238093,5
"comm_6","Tests","Tests",[],"","heuristic",0.6666666666666666,5
"comm_15","Hermes_cli","Hermes_cli",[],"","heuristic",0.5263157894736842,5
"comm_16","Tests","Tests",[],"","heuristic",0.42105263157894735,5
"comm_18","Cluster_18","Cluster_18",[],"","heuristic",0.6153846153846154,5
"comm_19","Run_agent","Run_agent",[],"","heuristic",0.5714285714285714,5
"comm_25","Tools","Tools",[],"","heuristic",0.2,5
"comm_26","Run_agent","Run_agent",[],"","heuristic",0.8333333333333334,5
"comm_70","Run_agent","Run_agent",[],"","heuristic",0.42105263157894735,5
"comm_71","Cluster_71","Cluster_71",[],"","heuristic",0.7692307692307693,5
"comm_80","Tools","Tools",[],"","heuristic",0.7142857142857143,5
"comm_81","Tools","Tools",[],"","heuristic",0.8,5
"comm_92","Cluster_92","Cluster_92",[],"","heuristic",0.4444444444444444,5
"comm_106","Tests","Tests",[],"","heuristic",0.5714285714285714,5
"comm_110","Tests","Tests",[],"","heuristic",0.42105263157894735,5
"comm_112","Tests","Tests",[],"","heuristic",0.47058823529411764,5
"comm_115","Tests","Tests",[],"","heuristic",0.36363636363636365,5
"comm_118","Agent","Agent",[],"","heuristic",0.4,5
"comm_123","Agent","Agent",[],"","heuristic",0.47058823529411764,5
"comm_127","Cli","Cli",[],"","heuristic",0.42105263157894735,5
"comm_140","Cli","Cli",[],"","heuristic",0.38095238095238093,5
"comm_143","Tools","Tools",[],"","heuristic",0.38095238095238093,5
"comm_145","Hermes_cli","Hermes_cli",[],"","heuristic",0.5714285714285714,5
"comm_169","Tools","Tools",[],"","heuristic",0.5,5
"comm_184","Tools","Tools",[],"","heuristic",0.2962962962962963,5
"comm_185","Tools","Tools",[],"","heuristic",0.38095238095238093,5
"comm_188","Tools","Tools",[],"","heuristic",0.43478260869565216,5
"comm_191","Tools","Tools",[],"","heuristic",0.38461538461538464,5
"comm_199","Tools","Tools",[],"","heuristic",0.36363636363636365,5
"comm_200","Agent","Agent",[],"","heuristic",0.36363636363636365,5
"comm_208","Gateway","Gateway",[],"","heuristic",0.5333333333333333,5
"comm_221","Tools","Tools",[],"","heuristic",0.5185185185185185,5
"comm_228","Acp_adapter","Acp_adapter",[],"","heuristic",0.5714285714285714,5
"comm_231","Tools","Tools",[],"","heuristic",0.5333333333333333,5
"comm_256","Tools","Tools",[],"","heuristic",0.5263157894736842,5
"comm_269","Tools","Tools",[],"","heuristic",0.5714285714285714,5
"comm_273","Tools","Tools",[],"","heuristic",0.36363636363636365,5
"comm_287","Hermes_cli","Hermes_cli",[],"","heuristic",0.5714285714285714,5
"comm_293","Tools","Tools",[],"","heuristic",0.38095238095238093,5
"comm_300","Gateway","Gateway",[],"","heuristic",0.36363636363636365,5
"comm_301","Tools","Tools",[],"","heuristic",0.4444444444444444,5
"comm_319","Tools","Tools",[],"","heuristic",0.3076923076923077,5
"comm_321","Tools","Tools",[],"","heuristic",0.5333333333333333,5
"comm_333","Tools","Tools",[],"","heuristic",0.41379310344827586,5
"comm_339","Tools","Tools",[],"","heuristic",0.4,5
"comm_346","Tools","Tools",[],"","heuristic",0.5333333333333333,5
"comm_365","Tools","Tools",[],"","heuristic",0.47058823529411764,5
"comm_367","Tools","Tools",[],"","heuristic",0.5714285714285714,5
"comm_375","Tools","Tools",[],"","heuristic",0.8,5
"comm_380","Tools","Tools",[],"","heuristic",0.47058823529411764,5
"comm_385","Tools","Tools",[],"","heuristic",0.42105263157894735,5
"comm_409","Tools","Tools",[],"","heuristic",0.4,5
"comm_410","Tools","Tools",[],"","heuristic",0.7058823529411765,5
"comm_430","Agent","Agent",[],"","heuristic",0.5333333333333333,5
"comm_437","Tests","Tests",[],"","heuristic",0.8,5
"comm_439","Tests","Tests",[],"","heuristic",0.6666666666666666,5
"comm_470","Hermes_cli","Hermes_cli",[],"","heuristic",0.7142857142857143,5
"comm_474","Hermes_cli","Hermes_cli",[],"","heuristic",0.5384615384615384,5
"comm_476","Hermes_cli","Hermes_cli",[],"","heuristic",0.4666666666666667,5
"comm_486","Hermes_cli","Hermes_cli",[],"","heuristic",0.2962962962962963,5
"comm_490","Hermes_cli","Hermes_cli",[],"","heuristic",0.5333333333333333,5
"comm_494","Hermes_cli","Hermes_cli",[],"","heuristic",0.6666666666666666,5
"comm_503","Hermes_cli","Hermes_cli",[],"","heuristic",0.38095238095238093,5
"comm_510","Hermes_cli","Hermes_cli",[],"","heuristic",0.8333333333333334,5
"comm_525","Hermes_cli","Hermes_cli",[],"","heuristic",0.5714285714285714,5
"comm_531","Hermes_cli","Hermes_cli",[],"","heuristic",0.5,5
"comm_532","Gateway","Gateway",[],"","heuristic",0.3333333333333333,5
"comm_533","Acp_adapter","Acp_adapter",[],"","heuristic",0.5333333333333333,5
"comm_534","Hermes_cli","Hermes_cli",[],"","heuristic",0.4,5
"comm_539","Hermes_cli","Hermes_cli",[],"","heuristic",0.5882352941176471,5
"comm_540","Hermes_cli","Hermes_cli",[],"","heuristic",0.42105263157894735,5
"comm_544","Cli","Cli",[],"","heuristic",0.5882352941176471,5
"comm_551","Hermes_cli","Hermes_cli",[],"","heuristic",0.47058823529411764,5
"comm_552","Hermes_cli","Hermes_cli",[],"","heuristic",0.5333333333333333,5
"comm_554","Hermes_cli","Hermes_cli",[],"","heuristic",0.6666666666666666,5
"comm_558","Hermes_cli","Hermes_cli",[],"","heuristic",0.34782608695652173,5
"comm_564","Hermes_cli","Hermes_cli",[],"","heuristic",0.36363636363636365,5
"comm_565","Hermes_cli","Hermes_cli",[],"","heuristic",0.5217391304347826,5
"comm_567","Hermes_cli","Hermes_cli",[],"","heuristic",0.45454545454545453,5
"comm_578","Hermes_cli","Hermes_cli",[],"","heuristic",0.5263157894736842,5
"comm_593","Gateway","Gateway",[],"","heuristic",0.43478260869565216,5
"comm_594","Gateway","Gateway",[],"","heuristic",0.4,5
"comm_605","Gateway","Gateway",[],"","heuristic",0.5555555555555556,5
"comm_612","Gateway","Gateway",[],"","heuristic",0.5,5
"comm_620","Gateway","Gateway",[],"","heuristic",0.47619047619047616,5
"comm_630","Gateway","Gateway",[],"","heuristic",0.47058823529411764,5
"comm_633","Gateway","Gateway",[],"","heuristic",0.4444444444444444,5
"comm_642","Gateway","Gateway",[],"","heuristic",0.42105263157894735,5
"comm_657","Gateway","Gateway",[],"","heuristic",0.3870967741935484,5
"comm_659","Gateway","Gateway",[],"","heuristic",0.6666666666666666,5
"comm_662","Environments","Environments",[],"","heuristic",0.8,5
"comm_676","Agent","Agent",[],"","heuristic",0.6,5
"comm_681","Agent","Agent",[],"","heuristic",0.7692307692307693,5
"comm_694","Agent","Agent",[],"","heuristic",0.5333333333333333,5
"comm_696","Agent","Agent",[],"","heuristic",0.5263157894736842,5
"comm_705","Agent","Agent",[],"","heuristic",0.5714285714285714,5
"comm_709","Agent","Agent",[],"","heuristic",0.5,5
"comm_718","Agent","Agent",[],"","heuristic",0.631578947368421,5
"comm_719","Agent","Agent",[],"","heuristic",0.5882352941176471,5
"comm_729","Agent","Agent",[],"","heuristic",0.5555555555555556,5
"comm_741","Agent","Agent",[],"","heuristic",0.5714285714285714,5
"comm_747","Acp_adapter","Acp_adapter",[],"","heuristic",0.8,5
"comm_748","Acp_adapter","Acp_adapter",[],"","heuristic",0.37037037037037035,5
"comm_759","Acp","Acp",[],"","heuristic",0.4444444444444444,5
"comm_766","Environments","Environments",[],"","heuristic",0.8,5
"comm_771","Environments","Environments",[],"","heuristic",0.42105263157894735,5
"comm_777","Environments","Environments",[],"","heuristic",0.4,5
"comm_780","Browser_providers","Browser_providers",[],"","heuristic",0.9230769230769231,5
"comm_785","Skills","Skills",[],"","heuristic",0.9230769230769231,5
"comm_799","Run_agent","Run_agent",[],"","heuristic",0.38095238095238093,5
"comm_800","Run_agent","Run_agent",[],"","heuristic",0.6666666666666666,5
"comm_811","Run_agent","Run_agent",[],"","heuristic",0.4,5
"comm_822","Run_agent","Run_agent",[],"","heuristic",1,5
"comm_826","Run_agent","Run_agent",[],"","heuristic",1,5
"comm_844","Tools","Tools",[],"","heuristic",0.5,5
"comm_845","Tools","Tools",[],"","heuristic",0.5,5
"comm_858","Tools","Tools",[],"","heuristic",0.42105263157894735,5
"comm_879","Honcho","Honcho",[],"","heuristic",0.5333333333333333,5
"comm_889","Hermes_cli","Hermes_cli",[],"","heuristic",0.5,5
"comm_894","Hermes_cli","Hermes_cli",[],"","heuristic",0.6666666666666666,5
"comm_896","Hermes_cli","Hermes_cli",[],"","heuristic",1,5
"comm_906","Gateway","Gateway",[],"","heuristic",0.8,5
"comm_907","Platforms","Platforms",[],"","heuristic",0.4,5
"comm_920","Gateway","Gateway",[],"","heuristic",0.36363636363636365,5
"comm_926","Platforms","Platforms",[],"","heuristic",0.36363636363636365,5
"comm_927","Gateway","Gateway",[],"","heuristic",0.5,5
"comm_932","Platforms","Platforms",[],"","heuristic",0.42105263157894735,5
"comm_933","Gateway","Gateway",[],"","heuristic",0.5,5
"comm_934","Gateway","Gateway",[],"","heuristic",0.5714285714285714,5
"comm_935","Gateway","Gateway",[],"","heuristic",0.5333333333333333,5
"comm_936","Gateway","Gateway",[],"","heuristic",0.5555555555555556,5
"comm_937","Gateway","Gateway",[],"","heuristic",0.5263157894736842,5
"comm_941","Platforms","Platforms",[],"","heuristic",0.41379310344827586,5
"comm_945","Gateway","Gateway",[],"","heuristic",1,5
"comm_975","Gateway","Gateway",[],"","heuristic",0.36363636363636365,5
"comm_991","Gateway","Gateway",[],"","heuristic",0.5333333333333333,5
"comm_993","Gateway","Gateway",[],"","heuristic",0.5454545454545454,5
"comm_997","Gateway","Gateway",[],"","heuristic",0.75,5
"comm_1019","Gateway","Gateway",[],"","heuristic",0.6153846153846154,5
"comm_1025","Gateway","Gateway",[],"","heuristic",0.6666666666666666,5
"comm_1059","Gateway","Gateway",[],"","heuristic",0.26666666666666666,5
"comm_1060","Gateway","Gateway",[],"","heuristic",0.26666666666666666,5
"comm_1062","Gateway","Gateway",[],"","heuristic",0.6666666666666666,5
"comm_1064","Gateway","Gateway",[],"","heuristic",0.47058823529411764,5
"comm_1066","Platforms","Platforms",[],"","heuristic",0.3333333333333333,5
"comm_1067","Gateway","Gateway",[],"","heuristic",0.25806451612903225,5
"comm_1081","Cli","Cli",[],"","heuristic",0.6666666666666666,5
"comm_1086","Cli","Cli",[],"","heuristic",0.6666666666666666,5
"comm_1088","Cli","Cli",[],"","heuristic",0.5333333333333333,5
"comm_1089","Cli","Cli",[],"","heuristic",0.4444444444444444,5
"comm_1102","Honcho","Honcho",[],"","heuristic",0.7142857142857143,5
"comm_1103","Agent","Agent",[],"","heuristic",0.8,5
"comm_1104","Agent","Agent",[],"","heuristic",0.6153846153846154,5
"comm_1105","Agent","Agent",[],"","heuristic",0.6666666666666666,5
"comm_1107","Acp","Acp",[],"","heuristic",0.47058823529411764,5
"comm_1110","Platforms","Platforms",[],"","heuristic",0.36363636363636365,5
"comm_1127","Platforms","Platforms",[],"","heuristic",0.5714285714285714,5
"comm_1132","Platforms","Platforms",[],"","heuristic",0.5263157894736842,5
"comm_1133","Platforms","Platforms",[],"","heuristic",0.6363636363636364,5
"comm_1138","Platforms","Platforms",[],"","heuristic",0.6666666666666666,5
"comm_1142","Platforms","Platforms",[],"","heuristic",0.625,5
"comm_1144","Platforms","Platforms",[],"","heuristic",0.5263157894736842,5
"comm_1151","Platforms","Platforms",[],"","heuristic",0.5555555555555556,5
"comm_1154","Platforms","Platforms",[],"","heuristic",0.5,5
"comm_1157","Platforms","Platforms",[],"","heuristic",0.42105263157894735,5
"comm_1162","Platforms","Platforms",[],"","heuristic",0.42105263157894735,5
"comm_1163","Platforms","Platforms",[],"","heuristic",0.4444444444444444,5
"comm_1167","Memory","Memory",[],"","heuristic",0.34782608695652173,5
"comm_1171","Supermemory","Supermemory",[],"","heuristic",1,5
"comm_1175","Mem0","Mem0",[],"","heuristic",0.5333333333333333,5
"comm_1176","Mem0","Mem0",[],"","heuristic",0.5333333333333333,5
"comm_1177","Memory","Memory",[],"","heuristic",0.6666666666666666,5
"comm_1182","Supermemory","Supermemory",[],"","heuristic",0.5,5
"comm_1190","Honcho","Honcho",[],"","heuristic",0.5333333333333333,5
"comm_0","Hermes_cli","Hermes_cli",[],"","heuristic",0.46153846153846156,4
"comm_7","Tests","Tests",[],"","heuristic",0.4,4
"comm_8","Tools","Tools",[],"","heuristic",0.6666666666666666,4
"comm_9","Tests","Tests",[],"","heuristic",0.42857142857142855,4
"comm_10","Tests","Tests",[],"","heuristic",0.5454545454545454,4
"comm_11","Tests","Tests",[],"","heuristic",0.46153846153846156,4
"comm_12","Tests","Tests",[],"","heuristic",0.5454545454545454,4
"comm_23","Hermes_cli","Hermes_cli",[],"","heuristic",0.3,4
"comm_48","Run_agent","Run_agent",[],"","heuristic",0.46153846153846156,4
"comm_57","Run_agent","Run_agent",[],"","heuristic",0.6,4
"comm_60","Cluster_60","Cluster_60",[],"","heuristic",0.4,4
"comm_67","Run_agent","Run_agent",[],"","heuristic",0.5454545454545454,4
"comm_87","Tools","Tools",[],"","heuristic",0.35294117647058826,4
"comm_102","Tests","Tests",[],"","heuristic",0.24,4
"comm_120","Tools","Tools",[],"","heuristic",0.17142857142857143,4
"comm_124","Cluster_124","Cluster_124",[],"","heuristic",0.32,4
"comm_129","Cluster_129","Cluster_129",[],"","heuristic",0.35294117647058826,4
"comm_130","Cluster_130","Cluster_130",[],"","heuristic",0.2857142857142857,4
"comm_142","Cluster_142","Cluster_142",[],"","heuristic",0.42857142857142855,4
"comm_158","Tools","Tools",[],"","heuristic",0.2857142857142857,4
"comm_167","Tools","Tools",[],"","heuristic",0.42857142857142855,4
"comm_186","Tools","Tools",[],"","heuristic",0.23076923076923078,4
"comm_187","Tools","Tools",[],"","heuristic",0.6666666666666666,4
"comm_189","Tools","Tools",[],"","heuristic",0.5454545454545454,4
"comm_190","Tools","Tools",[],"","heuristic",0.2857142857142857,4
"comm_192","Tools","Tools",[],"","heuristic",0.6,4
"comm_198","Tools","Tools",[],"","heuristic",0.2857142857142857,4
"comm_206","Tools","Tools",[],"","heuristic",0.375,4
"comm_209","Tools","Tools",[],"","heuristic",0.75,4
"comm_216","Tools","Tools",[],"","heuristic",0.42857142857142855,4
"comm_222","Tools","Tools",[],"","heuristic",0.6,4
"comm_224","Tools","Tools",[],"","heuristic",0.46153846153846156,4
"comm_230","Tools","Tools",[],"","heuristic",0.42857142857142855,4
"comm_251","Tools","Tools",[],"","heuristic",0.6153846153846154,4
"comm_257","Tools","Tools",[],"","heuristic",0.4444444444444444,4
"comm_258","Tools","Tools",[],"","heuristic",0.75,4
"comm_264","Tools","Tools",[],"","heuristic",0.4,4
"comm_266","Tools","Tools",[],"","heuristic",0.47058823529411764,4
"comm_274","Tools","Tools",[],"","heuristic",0.2857142857142857,4
"comm_294","Tools","Tools",[],"","heuristic",0.5,4
"comm_298","Tools","Tools",[],"","heuristic",0.5,4
"comm_307","Tools","Tools",[],"","heuristic",0.5333333333333333,4
"comm_312","Tools","Tools",[],"","heuristic",0.5,4
"comm_313","Tools","Tools",[],"","heuristic",0.4444444444444444,4
"comm_318","Tools","Tools",[],"","heuristic",0.5,4
"comm_320","Tools","Tools",[],"","heuristic",0.6,4
"comm_322","Tools","Tools",[],"","heuristic",0.3157894736842105,4
"comm_323","Tools","Tools",[],"","heuristic",0.375,4
"comm_324","Tools","Tools",[],"","heuristic",0.46153846153846156,4
"comm_326","Tools","Tools",[],"","heuristic",0.3333333333333333,4
"comm_332","Tools","Tools",[],"","heuristic",0.5333333333333333,4
"comm_335","Tools","Tools",[],"","heuristic",0.4,4
"comm_338","Tools","Tools",[],"","heuristic",0.35294117647058826,4
"comm_340","Tools","Tools",[],"","heuristic",0.375,4
"comm_341","Tools","Tools",[],"","heuristic",0.42857142857142855,4
"comm_342","Tools","Tools",[],"","heuristic",0.6666666666666666,4
"comm_343","Tools","Tools",[],"","heuristic",0.42857142857142855,4
"comm_344","Tools","Tools",[],"","heuristic",0.4,4
"comm_351","Tools","Tools",[],"","heuristic",0.8888888888888888,4
"comm_352","Tools","Tools",[],"","heuristic",0.75,4
"comm_357","Tools","Tools",[],"","heuristic",0.5,4
"comm_358","Tools","Tools",[],"","heuristic",0.5454545454545454,4
"comm_359","Tools","Tools",[],"","heuristic",0.46153846153846156,4
"comm_361","Tools","Tools",[],"","heuristic",0.8571428571428571,4
"comm_364","Tools","Tools",[],"","heuristic",0.3157894736842105,4
"comm_366","Tools","Tools",[],"","heuristic",0.5454545454545454,4
"comm_368","Tools","Tools",[],"","heuristic",0.2857142857142857,4
"comm_372","Tools","Tools",[],"","heuristic",0.7272727272727273,4
"comm_373","Tools","Tools",[],"","heuristic",0.6666666666666666,4
"comm_377","Tools","Tools",[],"","heuristic",0.5,4
"comm_378","Tools","Tools",[],"","heuristic",0.6153846153846154,4
"comm_400","Tools","Tools",[],"","heuristic",0.375,4
"comm_408","Tools","Tools",[],"","heuristic",0.6153846153846154,4
"comm_435","Tests","Tests",[],"","heuristic",1,4
"comm_450","Orchestrator","Orchestrator",[],"","heuristic",0.5714285714285714,4
"comm_456","Orchestrator","Orchestrator",[],"","heuristic",0.375,4
"comm_458","Hermes_cli","Hermes_cli",[],"","heuristic",0.6,4
"comm_463","Hermes_cli","Hermes_cli",[],"","heuristic",0.5,4
"comm_465","Hermes_cli","Hermes_cli",[],"","heuristic",0.25,4
"comm_467","Hermes_cli","Hermes_cli",[],"","heuristic",0.5454545454545454,4
"comm_468","Hermes_cli","Hermes_cli",[],"","heuristic",0.5,4
"comm_471","Hermes_cli","Hermes_cli",[],"","heuristic",0.4,4
"comm_473","Hermes_cli","Hermes_cli",[],"","heuristic",0.3333333333333333,4
"comm_477","Cron","Cron",[],"","heuristic",0.27586206896551724,4
"comm_491","Hermes_cli","Hermes_cli",[],"","heuristic",0.5,4
"comm_496","Hermes_cli","Hermes_cli",[],"","heuristic",0.5454545454545454,4
"comm_501","Hermes_cli","Hermes_cli",[],"","heuristic",0.8,4
"comm_502","Hermes_cli","Hermes_cli",[],"","heuristic",0.46153846153846156,4
"comm_505","Hermes_cli","Hermes_cli",[],"","heuristic",0.42857142857142855,4
"comm_506","Hermes_cli","Hermes_cli",[],"","heuristic",0.3157894736842105,4
"comm_518","Hermes_cli","Hermes_cli",[],"","heuristic",0.5454545454545454,4
"comm_527","Hermes_cli","Hermes_cli",[],"","heuristic",0.47058823529411764,4
"comm_530","Hermes_cli","Hermes_cli",[],"","heuristic",0.42857142857142855,4
"comm_537","Hermes_cli","Hermes_cli",[],"","heuristic",0.4,4
"comm_541","Hermes_cli","Hermes_cli",[],"","heuristic",0.6,4
"comm_543","Hermes_cli","Hermes_cli",[],"","heuristic",0.6,4
"comm_548","Hermes_cli","Hermes_cli",[],"","heuristic",0.2857142857142857,4
"comm_553","Hermes_cli","Hermes_cli",[],"","heuristic",0.4,4
"comm_555","Hermes_cli","Hermes_cli",[],"","heuristic",0.6,4
"comm_556","Hermes_cli","Hermes_cli",[],"","heuristic",0.75,4
"comm_563","Agent","Agent",[],"","heuristic",0.6,4
"comm_569","Hermes_cli","Hermes_cli",[],"","heuristic",0.36363636363636365,4
"comm_573","Hermes_cli","Hermes_cli",[],"","heuristic",0.42857142857142855,4
"comm_574","Hermes_cli","Hermes_cli",[],"","heuristic",0.25,4
"comm_581","Hermes_cli","Hermes_cli",[],"","heuristic",0.5,4
"comm_584","Hermes_cli","Hermes_cli",[],"","heuristic",0.4,4
"comm_587","Gateway","Gateway",[],"","heuristic",0.7272727272727273,4
"comm_588","Gateway","Gateway",[],"","heuristic",0.5,4
"comm_592","Gateway","Gateway",[],"","heuristic",0.6,4
"comm_599","Gateway","Gateway",[],"","heuristic",0.46153846153846156,4
"comm_600","Gateway","Gateway",[],"","heuristic",0.4,4
"comm_610","Gateway","Gateway",[],"","heuristic",0.2608695652173913,4
"comm_611","Gateway","Gateway",[],"","heuristic",0.42857142857142855,4
"comm_640","Gateway","Gateway",[],"","heuristic",0.6153846153846154,4
"comm_644","Gateway","Gateway",[],"","heuristic",0.46153846153846156,4
"comm_645","Gateway","Gateway",[],"","heuristic",0.42857142857142855,4
"comm_649","Gateway","Gateway",[],"","heuristic",0.5454545454545454,4
"comm_652","Gateway","Gateway",[],"","heuristic",0.5,4
"comm_653","Gateway","Gateway",[],"","heuristic",0.24,4
"comm_654","Gateway","Gateway",[],"","heuristic",0.6666666666666666,4
"comm_655","Gateway","Gateway",[],"","heuristic",0.5,4
"comm_673","Cron","Cron",[],"","heuristic",0.3,4
"comm_675","Cron","Cron",[],"","heuristic",0.5333333333333333,4
"comm_683","Agent","Agent",[],"","heuristic",0.4,4
"comm_684","Agent","Agent",[],"","heuristic",0.375,4
"comm_686","Agent","Agent",[],"","heuristic",0.42857142857142855,4
"comm_691","Agent","Agent",[],"","heuristic",0.6,4
"comm_704","Agent","Agent",[],"","heuristic",0.5714285714285714,4
"comm_707","Agent","Agent",[],"","heuristic",0.5,4
"comm_712","Agent","Agent",[],"","heuristic",0.75,4
"comm_713","Agent","Agent",[],"","heuristic",0.47058823529411764,4
"comm_714","Agent","Agent",[],"","heuristic",0.5,4
"comm_715","Agent","Agent",[],"","heuristic",0.42857142857142855,4
"comm_720","Agent","Agent",[],"","heuristic",0.8571428571428571,4
"comm_723","Agent","Agent",[],"","heuristic",0.6666666666666666,4
"comm_728","Agent","Agent",[],"","heuristic",0.6666666666666666,4
"comm_736","Agent","Agent",[],"","heuristic",0.42857142857142855,4
"comm_737","Agent","Agent",[],"","heuristic",0.35294117647058826,4
"comm_742","Agent","Agent",[],"","heuristic",0.43478260869565216,4
"comm_743","Agent","Agent",[],"","heuristic",0.5454545454545454,4
"comm_746","Acp_adapter","Acp_adapter",[],"","heuristic",0.75,4
"comm_751","Acp","Acp",[],"","heuristic",0.4,4
"comm_752","Acp","Acp",[],"","heuristic",0.5,4
"comm_755","Acp_adapter","Acp_adapter",[],"","heuristic",0.8571428571428571,4
"comm_756","Acp","Acp",[],"","heuristic",0.42857142857142855,4
"comm_762","Environments","Environments",[],"","heuristic",0.5454545454545454,4
"comm_764","Environments","Environments",[],"","heuristic",0.75,4
"comm_802","Run_agent","Run_agent",[],"","heuristic",0.4,4
"comm_807","Run_agent","Run_agent",[],"","heuristic",1,4
"comm_808","Run_agent","Run_agent",[],"","heuristic",0.6666666666666666,4
"comm_809","Run_agent","Run_agent",[],"","heuristic",0.4,4
"comm_810","Run_agent","Run_agent",[],"","heuristic",0.42857142857142855,4
"comm_819","Landingpage","Landingpage",[],"","heuristic",0.8,4
"comm_821","Run_agent","Run_agent",[],"","heuristic",0.46153846153846156,4
"comm_829","Retaindb","Retaindb",[],"","heuristic",0.5,4
"comm_833","Retaindb","Retaindb",[],"","heuristic",0.75,4
"comm_834","Plugins","Plugins",[],"","heuristic",0.5,4
"comm_846","Tools","Tools",[],"","heuristic",0.8888888888888888,4
"comm_849","Tools","Tools",[],"","heuristic",0.42857142857142855,4
"comm_859","Tools","Tools",[],"","heuristic",0.5,4
"comm_860","Tools","Tools",[],"","heuristic",0.5,4
"comm_863","Tools","Tools",[],"","heuristic",0.6,4
"comm_866","Tools","Tools",[],"","heuristic",0.375,4
"comm_870","Integration","Integration",[],"","heuristic",0.42105263157894735,4
"comm_887","Hermes_cli","Hermes_cli",[],"","heuristic",0.6666666666666666,4
"comm_901","Gateway","Gateway",[],"","heuristic",0.5454545454545454,4
"comm_908","Gateway","Gateway",[],"","heuristic",0.2857142857142857,4
"comm_909","Platforms","Platforms",[],"","heuristic",0.3157894736842105,4
"comm_913","Platforms","Platforms",[],"","heuristic",0.4,4
"comm_915","Platforms","Platforms",[],"","heuristic",0.5454545454545454,4
"comm_916","Platforms","Platforms",[],"","heuristic",0.5,4
"comm_919","Platforms","Platforms",[],"","heuristic",0.46153846153846156,4
"comm_923","Gateway","Gateway",[],"","heuristic",0.4,4
"comm_924","Gateway","Gateway",[],"","heuristic",0.375,4
"comm_931","Gateway","Gateway",[],"","heuristic",0.46153846153846156,4
"comm_960","Gateway","Gateway",[],"","heuristic",0.25,4
"comm_961","Platforms","Platforms",[],"","heuristic",0.4,4
"comm_965","Gateway","Gateway",[],"","heuristic",0.6666666666666666,4
"comm_972","Gateway","Gateway",[],"","heuristic",0.5454545454545454,4
"comm_974","Gateway","Gateway",[],"","heuristic",0.46153846153846156,4
"comm_984","Gateway","Gateway",[],"","heuristic",0.6,4
"comm_990","Gateway","Gateway",[],"","heuristic",0.4,4
"comm_994","Gateway","Gateway",[],"","heuristic",0.42857142857142855,4
"comm_995","Gateway","Gateway",[],"","heuristic",1,4
"comm_1002","Gateway","Gateway",[],"","heuristic",0.5,4
"comm_1003","Gateway","Gateway",[],"","heuristic",0.5,4
"comm_1011","Gateway","Gateway",[],"","heuristic",0.75,4
"comm_1012","Gateway","Gateway",[],"","heuristic",0.6,4
"comm_1015","Gateway","Gateway",[],"","heuristic",0.35294117647058826,4
"comm_1018","Gateway","Gateway",[],"","heuristic",0.3333333333333333,4
"comm_1026","Gateway","Gateway",[],"","heuristic",0.5454545454545454,4
"comm_1030","Gateway","Gateway",[],"","heuristic",0.35294117647058826,4
"comm_1038","Gateway","Gateway",[],"","heuristic",0.6,4
"comm_1057","Gateway","Gateway",[],"","heuristic",0.5,4
"comm_1063","Gateway","Gateway",[],"","heuristic",0.35294117647058826,4
"comm_1075","Cli","Cli",[],"","heuristic",0.5,4
"comm_1076","Cli","Cli",[],"","heuristic",0.5454545454545454,4
"comm_1087","Cli","Cli",[],"","heuristic",0.8,4
"comm_1092","Cli","Cli",[],"","heuristic",0.6666666666666666,4
"comm_1094","Cli","Cli",[],"","heuristic",0.5454545454545454,4
"comm_1095","Cli","Cli",[],"","heuristic",0.5333333333333333,4
"comm_1098","Agent","Agent",[],"","heuristic",0.6666666666666666,4
"comm_1106","Agent","Agent",[],"","heuristic",0.6666666666666666,4
"comm_1109","Platforms","Platforms",[],"","heuristic",0.7142857142857143,4
"comm_1111","Platforms","Platforms",[],"","heuristic",0.2962962962962963,4
"comm_1116","Platforms","Platforms",[],"","heuristic",0.3333333333333333,4
"comm_1128","Platforms","Platforms",[],"","heuristic",0.42857142857142855,4
"comm_1131","Platforms","Platforms",[],"","heuristic",0.6,4
"comm_1134","Platforms","Platforms",[],"","heuristic",0.5,4
"comm_1137","Platforms","Platforms",[],"","heuristic",0.6153846153846154,4
"comm_1141","Platforms","Platforms",[],"","heuristic",0.375,4
"comm_1147","Platforms","Platforms",[],"","heuristic",0.5,4
"comm_1149","Platforms","Platforms",[],"","heuristic",0.5454545454545454,4
"comm_1152","Platforms","Platforms",[],"","heuristic",0.6,4
"comm_1153","Platforms","Platforms",[],"","heuristic",1,4
"comm_1156","Platforms","Platforms",[],"","heuristic",0.8571428571428571,4
"comm_1179","Memory","Memory",[],"","heuristic",1,4
"comm_1184","Retaindb","Retaindb",[],"","heuristic",0.6666666666666666,4
"comm_1186","Openviking","Openviking",[],"","heuristic",0.5454545454545454,4
"comm_1204","Byterover","Byterover",[],"","heuristic",0.5454545454545454,4
"comm_1206","Yc_bench","Yc_bench",[],"","heuristic",0.6153846153846154,4
"comm_1207","Terminalbench_2","Terminalbench_2",[],"","heuristic",0.4,4
"comm_1219","Scripts","Scripts",[],"","heuristic",0.6666666666666666,4
"comm_1224","Scripts","Scripts",[],"","heuristic",1,4
"comm_1231","Scripts","Scripts",[],"","heuristic",0.35294117647058826,4
"comm_1236","Cluster_1236","Cluster_1236",[],"","heuristic",0.8571428571428571,4
"comm_1237","Cluster_1237","Cluster_1237",[],"","heuristic",0.8333333333333334,4
"comm_1240","Whatsapp-bridge","Whatsapp-bridge",[],"","heuristic",0.8888888888888888,4
"comm_13","Tests","Tests",[],"","heuristic",0.3333333333333333,3
"comm_17","Tests","Tests",[],"","heuristic",0.5454545454545454,3
"comm_20","Run_agent","Run_agent",[],"","heuristic",0.26666666666666666,3
"comm_28","Cluster_28","Cluster_28",[],"","heuristic",0.36363636363636365,3
"comm_35","Cluster_35","Cluster_35",[],"","heuristic",0.5714285714285714,3
"comm_37","Tools","Tools",[],"","heuristic",0.36363636363636365,3
"comm_38","Cluster_38","Cluster_38",[],"","heuristic",0.3076923076923077,3
"comm_40","Agent","Agent",[],"","heuristic",0.4444444444444444,3
"comm_41","Run_agent","Run_agent",[],"","heuristic",0.36363636363636365,3
"comm_42","Agent","Agent",[],"","heuristic",0.4,3
"comm_61","Run_agent","Run_agent",[],"","heuristic",0.8,3
"comm_75","Run_agent","Run_agent",[],"","heuristic",0.4,3
"comm_76","Agent","Agent",[],"","heuristic",0.15384615384615385,3
"comm_79","Agent","Agent",[],"","heuristic",0.6666666666666666,3
"comm_86","_coerce_","_coerce_",[],"","heuristic",0.8,3
"comm_93","Cluster_93","Cluster_93",[],"","heuristic",0.36363636363636365,3
"comm_94","Cluster_94","Cluster_94",[],"","heuristic",0.4444444444444444,3
"comm_98","Tests","Tests",[],"","heuristic",0.5,3
"comm_99","Cluster_99","Cluster_99",[],"","heuristic",0.6666666666666666,3
"comm_113","Tests","Tests",[],"","heuristic",0.5714285714285714,3
"comm_116","Tests","Tests",[],"","heuristic",0.5,3
"comm_137","Cluster_137","Cluster_137",[],"","heuristic",0.46153846153846156,3
"comm_144","Tools","Tools",[],"","heuristic",0.25,3
"comm_148","Cli","Cli",[],"","heuristic",0.4444444444444444,3
"comm_155","Tests","Tests",[],"","heuristic",0.3076923076923077,3
"comm_162","Cluster_162","Cluster_162",[],"","heuristic",0.3076923076923077,3
"comm_165","Cli","Cli",[],"","heuristic",0.36363636363636365,3
"comm_166","Cli","Cli",[],"","heuristic",0.6666666666666666,3
"comm_168","Cli","Cli",[],"","heuristic",0.4,3
"comm_170","Hermes_cli","Hermes_cli",[],"","heuristic",0.3333333333333333,3
"comm_171","Hermes_cli","Hermes_cli",[],"","heuristic",0.4444444444444444,3
"comm_172","Tests","Tests",[],"","heuristic",0.36363636363636365,3
"comm_174","Cli","Cli",[],"","heuristic",0.5714285714285714,3
"comm_176","Tools","Tools",[],"","heuristic",0.3333333333333333,3
"comm_177","Integration","Integration",[],"","heuristic",0.36363636363636365,3
"comm_178","Cluster_178","Cluster_178",[],"","heuristic",0.3333333333333333,3
"comm_203","Tools","Tools",[],"","heuristic",0.3333333333333333,3
"comm_210","Tools","Tools",[],"","heuristic",0.5714285714285714,3
"comm_217","Tools","Tools",[],"","heuristic",0.3076923076923077,3
"comm_218","Tools","Tools",[],"","heuristic",0.3076923076923077,3
"comm_219","Tools","Tools",[],"","heuristic",0.36363636363636365,3
"comm_233","Tools","Tools",[],"","heuristic",0.6,3
"comm_235","Agent","Agent",[],"","heuristic",0.3076923076923077,3
"comm_239","Tools","Tools",[],"","heuristic",0.5,3
"comm_246","Tools","Tools",[],"","heuristic",0.5714285714285714,3
"comm_249","Tools","Tools",[],"","heuristic",0.5,3
"comm_252","Tools","Tools",[],"","heuristic",0.4,3
"comm_254","Tools","Tools",[],"","heuristic",0.36363636363636365,3
"comm_260","Tools","Tools",[],"","heuristic",0.5,3
"comm_261","Tools","Tools",[],"","heuristic",0.5,3
"comm_263","Hermes_cli","Hermes_cli",[],"","heuristic",0.3333333333333333,3
"comm_272","Tools","Tools",[],"","heuristic",0.4444444444444444,3
"comm_279","Gateway","Gateway",[],"","heuristic",0.4444444444444444,3
"comm_282","Platforms","Platforms",[],"","heuristic",0.2857142857142857,3
"comm_296","Tools","Tools",[],"","heuristic",0.3333333333333333,3
"comm_297","Tools","Tools",[],"","heuristic",0.4,3
"comm_299","Tools","Tools",[],"","heuristic",0.5,3
"comm_305","Tools","Tools",[],"","heuristic",0.6666666666666666,3
"comm_306","Tools","Tools",[],"","heuristic",0.8,3
"comm_314","Tools","Tools",[],"","heuristic",0.5,3
"comm_327","Tools","Tools",[],"","heuristic",0.3076923076923077,3
"comm_329","Environments","Environments",[],"","heuristic",0.4444444444444444,3
"comm_330","Tools","Tools",[],"","heuristic",0.5,3
"comm_331","Tools","Tools",[],"","heuristic",0.5714285714285714,3
"comm_334","Tools","Tools",[],"","heuristic",0.5714285714285714,3
"comm_337","Tools","Tools",[],"","heuristic",0.4444444444444444,3
"comm_347","Tools","Tools",[],"","heuristic",0.4444444444444444,3
"comm_348","Tools","Tools",[],"","heuristic",0.25,3
"comm_349","Tools","Tools",[],"","heuristic",0.26666666666666666,3
"comm_350","Tools","Tools",[],"","heuristic",0.4444444444444444,3
"comm_355","Tools","Tools",[],"","heuristic",0.3333333333333333,3
"comm_362","Tools","Tools",[],"","heuristic",1,3
"comm_369","Tools","Tools",[],"","heuristic",0.3076923076923077,3
"comm_370","Tools","Tools",[],"","heuristic",0.4,3
"comm_371","Tools","Tools",[],"","heuristic",0.4,3
"comm_384","Agent","Agent",[],"","heuristic",0.5,3
"comm_389","Tools","Tools",[],"","heuristic",0.5,3
"comm_391","Tools","Tools",[],"","heuristic",0.5714285714285714,3
"comm_399","Tools","Tools",[],"","heuristic",0.4,3
"comm_411","Tools","Tools",[],"","heuristic",0.3333333333333333,3
"comm_418","Tools","Tools",[],"","heuristic",0.4,3
"comm_421","Tools","Tools",[],"","heuristic",0.3076923076923077,3
"comm_424","Gateway","Gateway",[],"","heuristic",0.5,3
"comm_425","Tools","Tools",[],"","heuristic",0.5,3
"comm_427","Tools","Tools",[],"","heuristic",0.36363636363636365,3
"comm_429","Tools","Tools",[],"","heuristic",0.5,3
"comm_432","Tests","Tests",[],"","heuristic",0.4,3
"comm_445","Hermes_cli","Hermes_cli",[],"","heuristic",0.36363636363636365,3
"comm_446","Orchestrator","Orchestrator",[],"","heuristic",0.5714285714285714,3
"comm_447","Orchestrator","Orchestrator",[],"","heuristic",0.4,3
"comm_452","Orchestrator","Orchestrator",[],"","heuristic",0.5714285714285714,3
"comm_455","Orchestrator","Orchestrator",[],"","heuristic",0.4,3
"comm_466","Hermes_cli","Hermes_cli",[],"","heuristic",0.6666666666666666,3
"comm_469","Hermes_cli","Hermes_cli",[],"","heuristic",0.4444444444444444,3
"comm_481","Hermes_cli","Hermes_cli",[],"","heuristic",0.2,3
"comm_487","Hermes_cli","Hermes_cli",[],"","heuristic",1,3
"comm_488","Hermes_cli","Hermes_cli",[],"","heuristic",0.5714285714285714,3
"comm_495","Hermes_cli","Hermes_cli",[],"","heuristic",0.4444444444444444,3
"comm_504","Hermes_cli","Hermes_cli",[],"","heuristic",0.25,3
"comm_509","Hermes_cli","Hermes_cli",[],"","heuristic",0.36363636363636365,3
"comm_514","Hermes_cli","Hermes_cli",[],"","heuristic",0.5714285714285714,3
"comm_516","Hermes_cli","Hermes_cli",[],"","heuristic",0.36363636363636365,3
"comm_517","Hermes_cli","Hermes_cli",[],"","heuristic",0.4444444444444444,3
"comm_519","Gateway","Gateway",[],"","heuristic",0.4444444444444444,3
"comm_521","Hermes_cli","Hermes_cli",[],"","heuristic",0.8,3
"comm_522","Hermes_cli","Hermes_cli",[],"","heuristic",0.5714285714285714,3
"comm_538","Hermes_cli","Hermes_cli",[],"","heuristic",0.6666666666666666,3
"comm_546","Hermes_cli","Hermes_cli",[],"","heuristic",1,3
"comm_559","Hermes_cli","Hermes_cli",[],"","heuristic",0.5,3
"comm_560","Hermes_cli","Hermes_cli",[],"","heuristic",0.6,3
"comm_561","Hermes_cli","Hermes_cli",[],"","heuristic",0.26666666666666666,3
"comm_571","Hermes_cli","Hermes_cli",[],"","heuristic",0.3333333333333333,3
"comm_575","Hermes_cli","Hermes_cli",[],"","heuristic",0.19047619047619047,3
"comm_577","Agent","Agent",[],"","heuristic",0.5,3
"comm_585","Hermes_cli","Hermes_cli",[],"","heuristic",0.25,3
"comm_590","Gateway","Gateway",[],"","heuristic",0.4444444444444444,3
"comm_591","Gateway","Gateway",[],"","heuristic",0.4,3
"comm_595","Gateway","Gateway",[],"","heuristic",0.23529411764705882,3
"comm_597","Gateway","Gateway",[],"","heuristic",0.6666666666666666,3
"comm_602","Gateway","Gateway",[],"","heuristic",0.5,3
"comm_607","Gateway","Gateway",[],"","heuristic",0.3076923076923077,3
"comm_608","Gateway","Gateway",[],"","heuristic",0.21052631578947367,3
"comm_616","Gateway","Gateway",[],"","heuristic",0.5,3
"comm_622","Gateway","Gateway",[],"","heuristic",0.3076923076923077,3
"comm_623","Gateway","Gateway",[],"","heuristic",0.3333333333333333,3
"comm_625","Gateway","Gateway",[],"","heuristic",0.5714285714285714,3
"comm_627","Gateway","Gateway",[],"","heuristic",0.2857142857142857,3
"comm_641","Gateway","Gateway",[],"","heuristic",0.4,3
"comm_643","Platforms","Platforms",[],"","heuristic",0.4444444444444444,3
"comm_648","Gateway","Gateway",[],"","heuristic",0.5714285714285714,3
"comm_658","Gateway","Gateway",[],"","heuristic",0.2857142857142857,3
"comm_664","Environments","Environments",[],"","heuristic",0.3333333333333333,3
"comm_670","Environments","Environments",[],"","heuristic",0.8,3
"comm_679","Agent","Agent",[],"","heuristic",0.5,3
"comm_682","Agent","Agent",[],"","heuristic",0.4444444444444444,3
"comm_689","Agent","Agent",[],"","heuristic",0.5714285714285714,3
"comm_695","Agent","Agent",[],"","heuristic",0.4,3
"comm_710","Agent","Agent",[],"","heuristic",0.5,3
"comm_711","Agent","Agent",[],"","heuristic",0.5714285714285714,3
"comm_717","Agent","Agent",[],"","heuristic",0.6666666666666666,3
"comm_721","Agent","Agent",[],"","heuristic",0.5,3
"comm_722","Agent","Agent",[],"","heuristic",0.4444444444444444,3
"comm_744","Agent","Agent",[],"","heuristic",0.36363636363636365,3
"comm_749","Acp","Acp",[],"","heuristic",0.36363636363636365,3
"comm_757","Acp","Acp",[],"","heuristic",0.5,3
"comm_758","Acp_adapter","Acp_adapter",[],"","heuristic",0.5,3
"comm_760","Acp_adapter","Acp_adapter",[],"","heuristic",0.6666666666666666,3
"comm_761","Scripts","Scripts",[],"","heuristic",0.5714285714285714,3
"comm_774","Environments","Environments",[],"","heuristic",0.8,3
"comm_775","Environments","Environments",[],"","heuristic",0.6666666666666666,3
"comm_781","Browser_providers","Browser_providers",[],"","heuristic",0.5,3
"comm_782","Browser_providers","Browser_providers",[],"","heuristic",0.5,3
"comm_790","Scripts","Scripts",[],"","heuristic",0.5,3
"comm_792","Scripts","Scripts",[],"","heuristic",0.5,3
"comm_794","Skills","Skills",[],"","heuristic",0.5714285714285714,3
"comm_797","Run_agent","Run_agent",[],"","heuristic",0.5,3
"comm_803","Run_agent","Run_agent",[],"","heuristic",0.4444444444444444,3
"comm_804","Run_agent","Run_agent",[],"","heuristic",0.4,3
"comm_805","Run_agent","Run_agent",[],"","heuristic",0.5,3
"comm_817","Run_agent","Run_agent",[],"","heuristic",0.5714285714285714,3
"comm_832","Retaindb","Retaindb",[],"","heuristic",0.5,3
"comm_837","Plugins","Plugins",[],"","heuristic",0.6666666666666666,3
"comm_840","Plugins","Plugins",[],"","heuristic",0.5714285714285714,3
"comm_841","Tools","Tools",[],"","heuristic",0.5,3
"comm_842","Tools","Tools",[],"","heuristic",0.5,3
"comm_848","Tools","Tools",[],"","heuristic",0.4444444444444444,3
"comm_852","Tools","Tools",[],"","heuristic",0.4,3
"comm_853","Tools","Tools",[],"","heuristic",0.4,3
"comm_862","Tools","Tools",[],"","heuristic",0.8,3
"comm_872","Integration","Integration",[],"","heuristic",0.5714285714285714,3
"comm_873","Integration","Integration",[],"","heuristic",0.4,3
"comm_877","Honcho_plugin","Honcho_plugin",[],"","heuristic",0.5714285714285714,3
"comm_880","Honcho","Honcho",[],"","heuristic",0.5714285714285714,3
"comm_890","Hermes_cli","Hermes_cli",[],"","heuristic",0.6666666666666666,3
"comm_893","Hermes_cli","Hermes_cli",[],"","heuristic",0.4,3
"comm_904","Gateway","Gateway",[],"","heuristic",0.36363636363636365,3
"comm_905","Gateway","Gateway",[],"","heuristic",0.36363636363636365,3
"comm_911","Gateway","Gateway",[],"","heuristic",0.26666666666666666,3
"comm_914","Platforms","Platforms",[],"","heuristic",0.5,3
"comm_918","Gateway","Gateway",[],"","heuristic",0.4,3
"comm_940","Gateway","Gateway",[],"","heuristic",0.5714285714285714,3
"comm_967","Gateway","Gateway",[],"","heuristic",0.6666666666666666,3
"comm_977","Gateway","Gateway",[],"","heuristic",0.4,3
"comm_980","Gateway","Gateway",[],"","heuristic",0.2,3
"comm_981","Gateway","Gateway",[],"","heuristic",0.19047619047619047,3
"comm_988","Gateway","Gateway",[],"","heuristic",0.36363636363636365,3
"comm_989","Gateway","Gateway",[],"","heuristic",0.4,3
"comm_996","Gateway","Gateway",[],"","heuristic",0.6666666666666666,3
"comm_1005","Platforms","Platforms",[],"","heuristic",0.5,3
"comm_1006","Platforms","Platforms",[],"","heuristic",0.5,3
"comm_1010","Platforms","Platforms",[],"","heuristic",0.36363636363636365,3
"comm_1014","Gateway","Gateway",[],"","heuristic",0.25,3
"comm_1023","Platforms","Platforms",[],"","heuristic",1,3
"comm_1029","Gateway","Gateway",[],"","heuristic",0.4,3
"comm_1031","Gateway","Gateway",[],"","heuristic",0.5714285714285714,3
"comm_1034","Gateway","Gateway",[],"","heuristic",0.5,3
"comm_1039","Gateway","Gateway",[],"","heuristic",0.5,3
"comm_1041","Gateway","Gateway",[],"","heuristic",0.5714285714285714,3
"comm_1042","Gateway","Gateway",[],"","heuristic",0.4,3
"comm_1043","Gateway","Gateway",[],"","heuristic",0.36363636363636365,3
"comm_1045","Gateway","Gateway",[],"","heuristic",0.4444444444444444,3
"comm_1046","Gateway","Gateway",[],"","heuristic",0.4444444444444444,3
"comm_1047","Gateway","Gateway",[],"","heuristic",0.4,3
"comm_1068","Platforms","Platforms",[],"","heuristic",0.5714285714285714,3
"comm_1069","Gateway","Gateway",[],"","heuristic",0.5,3
"comm_1072","Cron","Cron",[],"","heuristic",0.5714285714285714,3
"comm_1074","Cli","Cli",[],"","heuristic",0.6666666666666666,3
"comm_1082","Cli","Cli",[],"","heuristic",0.5,3
"comm_1084","Cli","Cli",[],"","heuristic",0.4,3
"comm_1085","Cli","Cli",[],"","heuristic",0.4,3
"comm_1093","Cli","Cli",[],"","heuristic",0.6666666666666666,3
"comm_1099","Agent","Agent",[],"","heuristic",0.6666666666666666,3
"comm_1100","Agent","Agent",[],"","heuristic",0.6666666666666666,3
"comm_1112","Platforms","Platforms",[],"","heuristic",0.4444444444444444,3
"comm_1114","Platforms","Platforms",[],"","heuristic",0.4,3
"comm_1115","Platforms","Platforms",[],"","heuristic",0.6666666666666666,3
"comm_1117","Platforms","Platforms",[],"","heuristic",0.6666666666666666,3
"comm_1119","Platforms","Platforms",[],"","heuristic",0.4444444444444444,3
"comm_1120","Platforms","Platforms",[],"","heuristic",0.36363636363636365,3
"comm_1122","Platforms","Platforms",[],"","heuristic",0.5714285714285714,3
"comm_1123","Platforms","Platforms",[],"","heuristic",0.4,3
"comm_1124","Platforms","Platforms",[],"","heuristic",0.4444444444444444,3
"comm_1125","Platforms","Platforms",[],"","heuristic",0.5,3
"comm_1129","Platforms","Platforms",[],"","heuristic",0.4444444444444444,3
"comm_1140","Platforms","Platforms",[],"","heuristic",0.5714285714285714,3
"comm_1143","Platforms","Platforms",[],"","heuristic",0.8571428571428571,3
"comm_1146","Platforms","Platforms",[],"","heuristic",0.4444444444444444,3
"comm_1148","Platforms","Platforms",[],"","heuristic",0.6666666666666666,3
"comm_1150","Platforms","Platforms",[],"","heuristic",0.4444444444444444,3
"comm_1155","Platforms","Platforms",[],"","heuristic",0.4,3
"comm_1158","Platforms","Platforms",[],"","heuristic",0.5,3
"comm_1159","Platforms","Platforms",[],"","heuristic",0.375,3
"comm_1161","Platforms","Platforms",[],"","heuristic",0.5,3
"comm_1165","Tool_call_parsers","Tool_call_parsers",[],"","heuristic",1,3
"comm_1168","Memory","Memory",[],"","heuristic",0.6666666666666666,3
"comm_1169","Supermemory","Supermemory",[],"","heuristic",0.4,3
"comm_1185","Retaindb","Retaindb",[],"","heuristic",0.75,3
"comm_1187","Openviking","Openviking",[],"","heuristic",0.4444444444444444,3
"comm_1188","Mem0","Mem0",[],"","heuristic",0.5,3
"comm_1191","Honcho","Honcho",[],"","heuristic",0.26666666666666666,3
"comm_1194","Holographic","Holographic",[],"","heuristic",0.5714285714285714,3
"comm_1195","Holographic","Holographic",[],"","heuristic",0.36363636363636365,3
"comm_1196","Holographic","Holographic",[],"","heuristic",0.36363636363636365,3
"comm_1199","Holographic","Holographic",[],"","heuristic",0.5714285714285714,3
"comm_1205","Byterover","Byterover",[],"","heuristic",0.4,3
"comm_1210","Scripts","Scripts",[],"","heuristic",1,3
"comm_1211","Scripts","Scripts",[],"","heuristic",0.4444444444444444,3
"comm_1212","Scripts","Scripts",[],"","heuristic",0.36363636363636365,3
"comm_1214","Scripts","Scripts",[],"","heuristic",0.8,3
"comm_1215","Scripts","Scripts",[],"","heuristic",0.5714285714285714,3
"comm_1223","Scripts","Scripts",[],"","heuristic",0.6666666666666666,3
"comm_1225","Templates","Templates",[],"","heuristic",1,3
"comm_1226","Scripts","Scripts",[],"","heuristic",0.75,3
"comm_1230","Scripts","Scripts",[],"","heuristic",0.6,3
"comm_1233","Scripts","Scripts",[],"","heuristic",0.5,3
"comm_1239","Whatsapp-bridge","Whatsapp-bridge",[],"","heuristic",0.6666666666666666,3
"comm_182","Tools","Tools",[],"","heuristic",1,2
"comm_667","Environments","Environments",[],"","heuristic",1,2
"comm_668","Environments","Environments",[],"","heuristic",1,2
"comm_825","Run_agent","Run_agent",[],"","heuristic",1,2
"comm_1073","Cron","Cron",[],"","heuristic",1,2
